waypoint_id,time_s,x_m,y_m,z_m,qw,qx,qy,qz
0,0.000000,0.50090249,-0.50148274,0.25685544,0.31363154,-0.71127261,0.42836170,-0.46068730
1,0.100000,0.50350933,-0.51271194,0.26168861,0.31363154,-0.71127261,0.42836170,-0.46068730
2,0.200000,0.50611617,-0.52394114,0.26652177,0.31363154,-0.71127261,0.42836170,-0.46068730
3,0.300000,0.50872300,-0.53517034,0.27135493,0.31363154,-0.71127261,0.42836170,-0.46068730
4,0.400000,0.51132984,-0.54639954,0.27618810,0.31363154,-0.71127261,0.42836170,-0.46068730
